environment,policy,attempts,verified_utility_per_cost,escaped_defects,escaped_defect_rate,escaped_risk_weight,high_risk_escaped_defects,false_reject_rate,duplicate_rate,task_coverage,task_family_concentration,verifier_family_concentration,review_cost,compute_cost,review_budget_utilization,review_price_mean,probe_breach_rate
dominant-provider,ave-core,934.5,0.360643919,41.55,0.07059695,7.5215,0.85,0.03501535,0.0749502,8.0,0.4230766,0.2553227,637.31364215,225.3855,0.85660445,0.55641705,0.0
dominant-provider,capability-only,1200.0,0.605216679,63.0,0.0753752,23.4595,25.05,0.0226746,0.34791665,5.9,0.84375,1.0,519.43074135,310.25,0.69815955,0.0,0.0
dominant-provider,full-ave,924.95,0.357986761,43.4,0.0741217,8.353,1.0,0.0336967,0.0712049,8.0,0.4348761,0.2710324,638.98410935,222.47,0.85884965,0.5727469,0.2496795
dominant-provider,plus-verifier-diversity,979.05,0.318790573,21.45,0.03748915,6.857,4.55,0.04440065,0.1584561,8.0,0.3859419,0.2500894,743.8155566,243.9895,0.99975215,0.0,0.0
provider-outage,ave-core,900.7,0.374709365,37.65,0.06492345,7.2655,1.05,0.0336686,0.0746535,8.0,0.40642255,0.2522789,620.3455628,218.248,0.8337978,0.42112405,0.0
provider-outage,capability-only,1100.0,0.605451179,59.05,0.0766445,22.5905,24.3,0.02186075,0.3761364,5.75,0.80340905,1.0,492.90594005,291.925,0.662508,0.0,0.0
provider-outage,full-ave,901.3,0.372868513,35.45,0.0614173,7.116,1.0,0.03437745,0.0693164,8.0,0.40071725,0.27495945,620.3481013,215.929,0.8338012,0.41791355,0.24583325
provider-outage,plus-verifier-diversity,981.9,0.333617158,20.3,0.03437275,6.5895,4.45,0.0474169,0.13533895,8.0,0.3763309,0.25012795,743.8423542,243.4055,0.9997881,0.0,0.0
review-abundant,ave-core,1194.9,0.354180341,52.8,0.06988635,10.5075,1.35,0.0355832,0.15596575,8.0,0.37879995,0.2502222,852.3221651,298.5605,0.76372955,0.00725005,0.0
review-abundant,capability-only,1200.0,0.619365505,62.55,0.07364825,23.3545,24.35,0.0224383,0.3833333,5.75,0.81458325,1.0,530.6724997,319.875,0.47551295,0.0,0.0
review-abundant,full-ave,1194.15,0.350445322,49.95,0.0665469,9.949,1.4,0.0360092,0.15346235,8.0,0.3758205,0.27684675,858.56978705,297.1225,0.76932785,0.0095489,0.25320535
review-abundant,plus-verifier-diversity,1200.0,0.335148881,26.45,0.0363996,9.0135,6.05,0.0441069,0.1587916,8.0,0.3799583,0.25,913.96586045,300.5265,0.81896585,0.0,0.0
review-medium,ave-core,930.7,0.382183513,38.95,0.0643715,7.534,0.85,0.03487635,0.07617825,8.0,0.42243245,0.2552251,635.6030334,227.5,0.85430515,0.5482643,0.0
review-medium,capability-only,1200.0,0.619365505,62.55,0.07364825,23.3545,24.35,0.0224383,0.3833333,5.75,0.81458325,1.0,530.6724997,319.875,0.7132694,0.0,0.0
review-medium,full-ave,931.85,0.379527702,37.7,0.06238635,7.3445,0.7,0.03110125,0.07250205,8.0,0.41480865,0.27259,638.860381,225.543,0.85868335,0.57038535,0.24102565
review-medium,plus-verifier-diversity,975.25,0.332664339,21.95,0.03725925,7.4265,5.0,0.04498835,0.1592062,8.0,0.37699885,0.25011495,743.8777727,244.8245,0.99983565,0.0,0.0
review-scarce,ave-core,653.35,0.420018181,26.35,0.0603712,4.774,0.9,0.03367525,0.0248763,8.0,0.4862195,0.2597931,415.373931,151.636,0.93049725,1.5920795,0.0
review-scarce,capability-only,1017.65,0.61908638,52.9,0.07396355,19.712,20.5,0.02286525,0.3815391,5.75,0.81475015,1.0,446.2217133,270.819,0.99960065,0.0,0.0
review-scarce,full-ave,648.6,0.424477558,24.0,0.0546516,4.53,0.65,0.02726165,0.02313665,8.0,0.49371855,0.2765222,419.19520595,149.358,0.93905745,1.6688407,0.2506411
review-scarce,plus-verifier-diversity,581.7,0.325048744,12.5,0.036298,4.081,2.65,0.04802455,0.16373445,8.0,0.3625135,0.2501335,446.246635,147.2275,0.99965645,0.0,0.0
selective-adversarial-verifier,ave-core,930.7,0.379658197,78.25,0.12202055,16.138,2.7,0.04128685,0.07617825,8.0,0.42243245,0.2552251,635.6030334,227.5,0.85430515,0.5482643,0.0
selective-adversarial-verifier,capability-only,1200.0,0.617646704,107.0,0.1105337,38.8825,38.25,0.02503855,0.3833333,5.75,0.81458325,1.0,530.6724997,319.875,0.7132694,0.0,0.0
selective-adversarial-verifier,full-ave,921.1,0.371569324,87.85,0.13724175,18.4175,3.65,0.0451076,0.0713491,8.0,0.4182969,0.29413475,637.1020458,223.402,0.85632,0.58556815,0.1855767
selective-adversarial-verifier,plus-verifier-diversity,975.25,0.329487135,49.65,0.0810918,16.2165,10.85,0.05452985,0.1592062,8.0,0.37699885,0.25011495,743.8777727,244.8245,0.99983565,0.0,0.0
verifier-corr-high,ave-core,930.7,0.378111143,65.55,0.1046501,13.886,2.7,0.04455335,0.07617825,8.0,0.42243245,0.2552251,635.6030334,227.5,0.85430515,0.5482643,0.0
verifier-corr-high,capability-only,1200.0,0.616227043,103.5,0.11631635,38.0035,38.85,0.027271,0.3833333,5.75,0.81458325,1.0,530.6724997,319.875,0.7132694,0.0,0.0
verifier-corr-high,full-ave,922.75,0.372326469,59.35,0.09685015,13.194,3.0,0.04311565,0.07441585,8.0,0.4156025,0.2847471,638.41224905,223.5125,0.85808085,0.56604515,0.3500001
verifier-corr-high,plus-verifier-diversity,975.25,0.328833277,42.9,0.070942,13.975,8.6,0.0559399,0.1592062,8.0,0.37699885,0.25011495,743.8777727,244.8245,0.99983565,0.0,0.0
verifier-corr-low,ave-core,930.7,0.383619604,27.75,0.04656945,5.0895,0.45,0.0313107,0.07617825,8.0,0.42243245,0.2552251,635.6030334,227.5,0.85430515,0.5482643,0.0
verifier-corr-low,capability-only,1200.0,0.620695751,43.5,0.0523351,16.5965,18.05,0.02032535,0.3833333,5.75,0.81458325,1.0,530.6724997,319.875,0.7132694,0.0,0.0
verifier-corr-low,full-ave,927.05,0.379157908,26.4,0.04461495,4.834,0.4,0.02978735,0.07500625,8.0,0.4127715,0.2664294,638.5412444,225.248,0.85825445,0.5651785,0.1958333
verifier-corr-low,plus-verifier-diversity,975.25,0.334590667,13.5,0.0231322,4.69,3.05,0.0395871,0.1592062,8.0,0.37699885,0.25011495,743.8777727,244.8245,0.99983565,0.0,0.0
verifier-corr-medium,ave-core,930.7,0.382183513,38.95,0.0643715,7.534,0.85,0.03487635,0.07617825,8.0,0.42243245,0.2552251,635.6030334,227.5,0.85430515,0.5482643,0.0
verifier-corr-medium,capability-only,1200.0,0.619365505,62.55,0.07364825,23.3545,24.35,0.0224383,0.3833333,5.75,0.81458325,1.0,530.6724997,319.875,0.7132694,0.0,0.0
verifier-corr-medium,full-ave,931.85,0.379527702,37.7,0.06238635,7.3445,0.7,0.03110125,0.07250205,8.0,0.41480865,0.27259,638.860381,225.543,0.85868335,0.57038535,0.24102565
verifier-corr-medium,plus-verifier-diversity,975.25,0.332664339,21.95,0.03725925,7.4265,5.0,0.04498835,0.1592062,8.0,0.37699885,0.25011495,743.8777727,244.8245,0.99983565,0.0,0.0
verifier-outage,ave-core,930.45,0.381698747,38.85,0.06411825,7.3885,0.7,0.03449805,0.07497435,8.0,0.42501475,0.29549105,638.253435,227.292,0.85786755,0.5680849,0.0
verifier-outage,capability-only,1200.0,0.619663948,63.6,0.07481995,23.732,24.7,0.02261635,0.3833333,5.75,0.81458325,0.925,530.2124727,319.875,0.7126511,0.0,0.0
verifier-outage,full-ave,929.85,0.380828513,38.15,0.0630311,7.297,0.75,0.03340425,0.0735733,8.0,0.41190905,0.3101629,638.02511835,224.749,0.8575608,0.5634842,0.23949285
verifier-outage,plus-verifier-diversity,975.45,0.33274915,20.95,0.0356418,7.0945,4.8,0.04496305,0.15908495,8.0,0.3771407,0.28219875,743.8480856,244.844,0.99979575,0.0,0.0
worker-corr-high,ave-core,934.25,0.34430694,45.1,0.08050835,8.344,0.8,0.038044,0.0731848,8.0,0.41166865,0.2553418,636.1636394,227.4205,0.8550586,0.5496085,0.0
worker-corr-high,capability-only,1200.0,0.564707175,73.0,0.0923115,26.6135,27.15,0.02304775,0.3833333,5.75,0.81458325,1.0,530.6724997,319.875,0.7132694,0.0,0.0
worker-corr-high,full-ave,918.05,0.340694095,45.25,0.08207415,8.3125,0.85,0.03682475,0.07160435,8.0,0.4165248,0.27092165,638.63774245,221.622,0.858384,0.58899405,0.23557685
worker-corr-high,plus-verifier-diversity,980.75,0.302091272,21.25,0.0396416,7.057,5.05,0.04355265,0.15747625,8.0,0.3742104,0.2501905,743.86545445,245.888,0.99981925,0.0,0.0
worker-corr-low,ave-core,934.4,0.396124293,34.5,0.0550041,6.7725,0.65,0.03406405,0.07281675,8.0,0.41348045,0.255465,636.47731285,227.161,0.85548025,0.54696125,0.0
worker-corr-low,capability-only,1200.0,0.642234877,58.3,0.066772,21.9395,22.95,0.02260525,0.3833333,5.75,0.81458325,1.0,530.6724997,319.875,0.7132694,0.0,0.0
worker-corr-low,full-ave,920.75,0.394801153,33.75,0.05465645,6.706,0.75,0.0326361,0.07151645,8.0,0.4194476,0.27364745,637.2908745,223.7335,0.8565739,0.56714375,0.24230775
worker-corr-low,plus-verifier-diversity,977.5,0.349647983,18.65,0.03032745,6.4345,4.95,0.04208815,0.1599738,8.0,0.37615095,0.2501018,743.8774319,245.7545,0.9998353,0.0,0.0
worker-corr-medium,ave-core,930.7,0.382183513,38.95,0.0643715,7.534,0.85,0.03487635,0.07617825,8.0,0.42243245,0.2552251,635.6030334,227.5,0.85430515,0.5482643,0.0
worker-corr-medium,capability-only,1200.0,0.619365505,62.55,0.07364825,23.3545,24.35,0.0224383,0.3833333,5.75,0.81458325,1.0,530.6724997,319.875,0.7132694,0.0,0.0
worker-corr-medium,full-ave,931.85,0.379527702,37.7,0.06238635,7.3445,0.7,0.03110125,0.07250205,8.0,0.41480865,0.27259,638.860381,225.543,0.85868335,0.57038535,0.24102565
worker-corr-medium,plus-verifier-diversity,975.25,0.332664339,21.95,0.03725925,7.4265,5.0,0.04498835,0.1592062,8.0,0.37699885,0.25011495,743.8777727,244.8245,0.99983565,0.0,0.0
workload-shift,ave-core,971.65,0.37811468,41.4,0.06581355,8.113,0.9,0.0370364,0.11937925,8.0,0.4130869,0.2578294,661.8140477,234.9055,0.889535,0.51843305,0.0
workload-shift,capability-only,1200.0,0.583414079,66.8,0.08008195,27.235,31.6,0.0222357,0.4697916,8.0,0.63229165,1.0,519.6561272,291.675,0.6984626,0.0,0.0
workload-shift,full-ave,954.8,0.3733358,39.15,0.06343115,7.228,1.1,0.03518775,0.1137766,8.0,0.40114215,0.27509715,667.42722,230.561,0.8970795,0.56508725,0.26474375
workload-shift,plus-verifier-diversity,992.65,0.33763864,20.95,0.03492945,6.8335,4.3,0.0440868,0.179968,8.0,0.37174425,0.250164,743.865089,242.728,0.9998187,0.0,0.0
